assembly_accession_version	assembly_accession	assembly_version	assembly_name	assembly_level	release_date	reported_species_name	taxon_id	strain	isolate	assembly_span_bp	ungapped_span_bp	contig_count	scaffold_count	contig_n50_bp	scaffold_n50_bp	sequencing_technology	assembly_method	representation_type	input_path	input_sha256	input_record_number
GCA_944470425.2	GCA_944470425	2	tdSchBovi1.2	Chromosome	2022-09-20	Schistosoma bovis	6184	NA	NA	391788201	391732061	221	77	10931731	47558671	PacBio,HiSeq X	Falcon,Juicer,3D-DNA	haploid	/home/nplatt/schistosoma_te/metadata/genomes/discovery/ncbi/raw/schistosoma_2026-10-04T214324596984Z_datasets-18.38.0.jsonl	26a59312530a9cd5df54ad9db179530702d7162871f27cf78bed2602e04f3f00	1
GCA_003958945.1	GCA_003958945	1	ASM395894v1	Scaffold	2019-02-15	Schistosoma bovis	6184	TAN1997	NA	373458149	360908635	20948	4773	35716	202989	Illumina; PacBio	SOAPdenovo v. June-2016	haploid	/home/nplatt/schistosoma_te/metadata/genomes/discovery/ncbi/raw/schistosoma_2026-10-04T214324596984Z_datasets-18.38.0.jsonl	26a59312530a9cd5df54ad9db179530702d7162871f27cf78bed2602e04f3f00	2
GCA_944470445.2	GCA_944470445	2	tdSchBovi2.2	Chromosome	2022-09-20	Schistosoma bovis	6184	NA	NA	406269540	406093606	631	131	2655394	50257572	PacBio,HiSeq X	Hifiasm,Juicer,3D-DNA	haploid	/home/nplatt/schistosoma_te/metadata/genomes/discovery/ncbi/raw/schistosoma_2026-10-04T214324596984Z_datasets-18.38.0.jsonl	26a59312530a9cd5df54ad9db179530702d7162871f27cf78bed2602e04f3f00	3
GCA_944474815.3	GCA_944474815	3	tdSchCurr1.1a	Chromosome	2022-09-16	Schistosoma curassoni	6186	NA	NA	396921197	396812432	689	369	2622245	46058712	PacBio,HiSeq X	Falcon,Juicer,3D-DNA	haploid	/home/nplatt/schistosoma_te/metadata/genomes/discovery/ncbi/raw/schistosoma_2026-10-04T214324596984Z_datasets-18.38.0.jsonl	26a59312530a9cd5df54ad9db179530702d7162871f27cf78bed2602e04f3f00	4
GCA_900618015.1	GCA_900618015	1	S_curassoni_Dakar_0011_upd	Scaffold	2018-12-05	Schistosoma curassoni	6186	Dakar, Senegal	NA	344202215	334776879	118226	60140	7099	13861	Illumina	SGA, Velvet, SSpace, IMAGE, GapFiller, REAPR	haploid	/home/nplatt/schistosoma_te/metadata/genomes/discovery/ncbi/raw/schistosoma_2026-10-04T214324596984Z_datasets-18.38.0.jsonl	26a59312530a9cd5df54ad9db179530702d7162871f27cf78bed2602e04f3f00	5
GCA_907275115.1	GCA_907275115	1	schistosoma_curassoni_626247_v1.0	Scaffold	2021-08-03	Schistosoma curassoni	6186	NA	NA	396952245	396843480	690	370	2622245	46058712	PacBio	Falcon,Juicer,3D-DNA	haploid	/home/nplatt/schistosoma_te/metadata/genomes/discovery/ncbi/raw/schistosoma_2026-10-04T214324596984Z_datasets-18.38.0.jsonl	26a59312530a9cd5df54ad9db179530702d7162871f27cf78bed2602e04f3f00	6
GCA_944470375.2	GCA_944470375	2	tdSchGuin1.2	Chromosome	2022-09-15	Schistosoma guineensis	393876	NA	NA	379320925	379210283	472	74	4072824	48012402	PacBio,HiSeq X	Falcon,Juicer,3D-DNA	haploid	/home/nplatt/schistosoma_te/metadata/genomes/discovery/ncbi/raw/schistosoma_2026-10-04T214324596984Z_datasets-18.38.0.jsonl	26a59312530a9cd5df54ad9db179530702d7162871f27cf78bed2602e04f3f00	7
GCF_000699445.3	GCF_000699445	3	UoM_Shae.V3	Chromosome	2022-02-10	Schistosoma haematobium	6185	NA	NA	400271889	400248827	208	163	20231032	48328128	Illumina; Oxford Nanopore; PacBio; Hi-C	Canu v. 1.9; Medaka v. 1.0.3; purge_haplotigs v. 1.1.1; Platanus-allee v. 2.0.2; HiRise v. 2.0.5; pilon v. 1.23; 3D-DNA v. 180922; Juicebox Assembly Tools v. 1.22; TGS-GapCloser v. 1.0.3; HyPo v. 1.0.3	haploid	/home/nplatt/schistosoma_te/metadata/genomes/discovery/ncbi/raw/schistosoma_2026-10-04T214324596984Z_datasets-18.38.0.jsonl	26a59312530a9cd5df54ad9db179530702d7162871f27cf78bed2602e04f3f00	8
GCA_000699445.3	GCA_000699445	3	UoM_Shae.V3	Chromosome	2022-02-10	Schistosoma haematobium	6185	NA	NA	400271889	400248827	208	163	20231032	48328128	Illumina; Oxford Nanopore; PacBio; Hi-C	Canu v. 1.9; Medaka v. 1.0.3; purge_haplotigs v. 1.1.1; Platanus-allee v. 2.0.2; HiRise v. 2.0.5; pilon v. 1.23; 3D-DNA v. 180922; Juicebox Assembly Tools v. 1.22; TGS-GapCloser v. 1.0.3; HyPo v. 1.0.3	haploid	/home/nplatt/schistosoma_te/metadata/genomes/discovery/ncbi/raw/schistosoma_2026-10-04T214324596984Z_datasets-18.38.0.jsonl	26a59312530a9cd5df54ad9db179530702d7162871f27cf78bed2602e04f3f00	9
GCA_944470455.2	GCA_944470455	2	tdSchHaem1.2	Chromosome	2022-09-20	Schistosoma haematobium	6185	NA	NA	390671411	390614100	262	77	4368251	48644961	NA	NA	haploid	/home/nplatt/schistosoma_te/metadata/genomes/discovery/ncbi/raw/schistosoma_2026-10-04T214324596984Z_datasets-18.38.0.jsonl	26a59312530a9cd5df54ad9db179530702d7162871f27cf78bed2602e04f3f00	10
GCA_944470465.2	GCA_944470465	2	tdSchHaem2.2	Chromosome	2022-09-20	Schistosoma haematobium	6185	NA	NA	431559761	431485775	379	187	4373613	53926266	PacBio,HiSeq X	Hifiasm,Juicer,3D-DNA	haploid	/home/nplatt/schistosoma_te/metadata/genomes/discovery/ncbi/raw/schistosoma_2026-10-04T214324596984Z_datasets-18.38.0.jsonl	26a59312530a9cd5df54ad9db179530702d7162871f27cf78bed2602e04f3f00	11
GCA_944470365.2	GCA_944470365	2	tdSchInte1.2	Chromosome	2022-09-20	Schistosoma intercalatum	6187	NA	NA	386052197	385951908	620	298	2894312	46762690	PacBio,HiSeq X	Falcon,Juicer,3D-DNA	haploid	/home/nplatt/schistosoma_te/metadata/genomes/discovery/ncbi/raw/schistosoma_2026-10-04T214324596984Z_datasets-18.38.0.jsonl	26a59312530a9cd5df54ad9db179530702d7162871f27cf78bed2602e04f3f00	12
GCA_944470385.2	GCA_944470385	2	tdSchInte2.2	Chromosome	2022-09-15	Schistosoma intercalatum	6187	NA	NA	382498898	382241589	1482	652	1111078	45688419	PacBio,HiSeq X	Falcon,Juicer,3D-DNA	haploid	/home/nplatt/schistosoma_te/metadata/genomes/discovery/ncbi/raw/schistosoma_2026-10-04T214324596984Z_datasets-18.38.0.jsonl	26a59312530a9cd5df54ad9db179530702d7162871f27cf78bed2602e04f3f00	13
GCA_025215515.1	GCA_025215515	1	ASM2521551v1	Chromosome	2022-09-16	Schistosoma japonicum	6182	F4M4	NA	406576294	404370401	655	100	2378822	49539924	PacBio	FALCON v. 3	haploid	/home/nplatt/schistosoma_te/metadata/genomes/discovery/ncbi/raw/schistosoma_2026-10-04T214324596984Z_datasets-18.38.0.jsonl	26a59312530a9cd5df54ad9db179530702d7162871f27cf78bed2602e04f3f00	14
GCA_000151775.1	GCA_000151775	1	ASM15177v1	Scaffold	2009-04-21	Schistosoma japonicum	6182	NA	Anhui	402743189	369039236	95269	25048	6121	176869	NA	NA	haploid	/home/nplatt/schistosoma_te/metadata/genomes/discovery/ncbi/raw/schistosoma_2026-10-04T214324596984Z_datasets-18.38.0.jsonl	26a59312530a9cd5df54ad9db179530702d7162871f27cf78bed2602e04f3f00	15
GCA_006368765.1	GCA_006368765	1	ASM636876v1	Scaffold	2019-06-14	Schistosoma japonicum	6182	NA	HuSjv2	369900518	369873851	2108	1789	871911	1093989	PacBio RSII; Illumina HiSeq	WTDBG v. 1.1.006	haploid	/home/nplatt/schistosoma_te/metadata/genomes/discovery/ncbi/raw/schistosoma_2026-10-04T214324596984Z_datasets-18.38.0.jsonl	26a59312530a9cd5df54ad9db179530702d7162871f27cf78bed2602e04f3f00	16
GCA_021461655.1	GCA_021461655	1	ASM2146165v1	Chromosome	2022-01-13	Schistosoma japonicum	6182	NA	SjaV3_Hu	408532700	408397200	608	337	4305388	48838407	PacBio Sequel	canu v. 2.1	haploid	/home/nplatt/schistosoma_te/metadata/genomes/discovery/ncbi/raw/schistosoma_2026-10-04T214324596984Z_datasets-18.38.0.jsonl	26a59312530a9cd5df54ad9db179530702d7162871f27cf78bed2602e04f3f00	17
GCF_000237925.1	GCF_000237925	1	ASM23792v2	Chromosome	2011-12-13	Schistosoma mansoni	6183	Puerto Rico	NA	364518427	362492058	9515	884	76721	32115376	NA	NA	haploid	/home/nplatt/schistosoma_te/metadata/genomes/discovery/ncbi/raw/schistosoma_2026-10-04T214324596984Z_datasets-18.38.0.jsonl	26a59312530a9cd5df54ad9db179530702d7162871f27cf78bed2602e04f3f00	18
GCA_000237925.5	GCA_000237925	5	SM_V9	Chromosome	2021-07-21	Schistosoma mansoni	6183	Puerto Rico	NA	391395321	391352416	367	11	4473015	45716228	NA	NA	haploid	/home/nplatt/schistosoma_te/metadata/genomes/discovery/ncbi/raw/schistosoma_2026-10-04T214324596984Z_datasets-18.38.0.jsonl	26a59312530a9cd5df54ad9db179530702d7162871f27cf78bed2602e04f3f00	19
GCA_000237925.2	GCA_000237925	2	ASM23792v2	Chromosome	2011-12-13	Schistosoma mansoni	6183	Puerto Rico	NA	364518427	362492058	9515	884	76721	32115376	NA	NA	haploid	/home/nplatt/schistosoma_te/metadata/genomes/discovery/ncbi/raw/schistosoma_2026-10-04T214324596984Z_datasets-18.38.0.jsonl	26a59312530a9cd5df54ad9db179530702d7162871f27cf78bed2602e04f3f00	20
GCA_944470205.2	GCA_944470205	2	tdSchMarg1.2	Chromosome	2022-09-20	Schistosoma margrebowiei	48269	NA	NA	394892635	394801772	365	35	6317331	48858358	PacBio,HiSeq X	Falcon,Juicer,3D-DNA	haploid	/home/nplatt/schistosoma_te/metadata/genomes/discovery/ncbi/raw/schistosoma_2026-10-04T214324596984Z_datasets-18.38.0.jsonl	26a59312530a9cd5df54ad9db179530702d7162871f27cf78bed2602e04f3f00	21
GCA_900618395.1	GCA_900618395	1	S_margrebowiei_Zambia_0011_upd	Scaffold	2018-12-05	Schistosoma margrebowiei	48269	Zambia	NA	367396528	363942565	27104	23355	28534	35236	Illumina	SGA, Velvet, SSpace, IMAGE, GapFiller, REAPR	haploid	/home/nplatt/schistosoma_te/metadata/genomes/discovery/ncbi/raw/schistosoma_2026-10-04T214324596984Z_datasets-18.38.0.jsonl	26a59312530a9cd5df54ad9db179530702d7162871f27cf78bed2602e04f3f00	22
GCA_944470405.2	GCA_944470405	2	tdSchMatt1.2	Chromosome	2022-09-20	Schistosoma mattheei	31246	NA	NA	389320734	389194630	511	97	2226626	48524730	PacBio,HiSeq X	Falcon,Juicer,3D-DNA	haploid	/home/nplatt/schistosoma_te/metadata/genomes/discovery/ncbi/raw/schistosoma_2026-10-04T214324596984Z_datasets-18.38.0.jsonl	26a59312530a9cd5df54ad9db179530702d7162871f27cf78bed2602e04f3f00	23
GCA_900617995.1	GCA_900617995	1	S_mattheei_Denwood_0011_upd	Scaffold	2018-12-05	Schistosoma mattheei	31246	Denwood, Zambia	NA	340818150	326279962	151951	62061	4667	12303	Illumina	SGA, Velvet, SSpace, IMAGE, GapFiller, REAPR	haploid	/home/nplatt/schistosoma_te/metadata/genomes/discovery/ncbi/raw/schistosoma_2026-10-04T214324596984Z_datasets-18.38.0.jsonl	26a59312530a9cd5df54ad9db179530702d7162871f27cf78bed2602e04f3f00	24
GCA_034768735.1	GCA_034768735	1	ASM3476873v1	Chromosome	2023-12-29	Schistosoma mekongi	38744	NA	LV_2022a	404245338	401820250	1914	1279	1168079	46759691	PacBio; 10X Genomics; Hi-C sequencing	Wtdbg v. 1.2.8	haploid	/home/nplatt/schistosoma_te/metadata/genomes/discovery/ncbi/raw/schistosoma_2026-10-04T214324596984Z_datasets-18.38.0.jsonl	26a59312530a9cd5df54ad9db179530702d7162871f27cf78bed2602e04f3f00	25
GCA_944470415.2	GCA_944470415	2	tdSchRodh1.2	Chromosome	2022-09-20	Schistosoma rodhaini	6188	NA	NA	388462722	388440483	184	90	12480960	48179494	PacBio,HiSeq X	Falcon,Juicer,3D-DNA	haploid	/home/nplatt/schistosoma_te/metadata/genomes/discovery/ncbi/raw/schistosoma_2026-10-04T214324596984Z_datasets-18.38.0.jsonl	26a59312530a9cd5df54ad9db179530702d7162871f27cf78bed2602e04f3f00	26
GCA_944470435.2	GCA_944470435	2	tdSchRodh2.2	Chromosome	2022-09-20	Schistosoma rodhaini	6188	NA	NA	413517952	413275908	747	202	2858575	48789089	PacBio,HiSeq X	Hifiasm,Juicer,3D-DNA	haploid	/home/nplatt/schistosoma_te/metadata/genomes/discovery/ncbi/raw/schistosoma_2026-10-04T214324596984Z_datasets-18.38.0.jsonl	26a59312530a9cd5df54ad9db179530702d7162871f27cf78bed2602e04f3f00	27
GCA_946903255.1	GCA_946903255	1	tdSchSpin1.1b	Chromosome	2022-09-22	Schistosoma spindalis	6189	NA	NA	390075707	389985661	407	112	3920158	47457101	PacBio,HiSeq X	Falcon,Juicer,3D-DNA	haploid	/home/nplatt/schistosoma_te/metadata/genomes/discovery/ncbi/raw/schistosoma_2026-10-04T214324596984Z_datasets-18.38.0.jsonl	26a59312530a9cd5df54ad9db179530702d7162871f27cf78bed2602e04f3f00	28
GCA_944470395.2	GCA_944470395	2	tdSchTurk1.2	Chromosome	2022-09-20	Schistosoma turkestanicum	1163369	NA	NA	425011079	423321476	7619	3496	160609	47759033	PacBio,HiSeq X	Falcon,Juicer,3D-DNA	haploid	/home/nplatt/schistosoma_te/metadata/genomes/discovery/ncbi/raw/schistosoma_2026-10-04T214324596984Z_datasets-18.38.0.jsonl	26a59312530a9cd5df54ad9db179530702d7162871f27cf78bed2602e04f3f00	29
